{
  "numpy_sgd": [
    -0.020000000000000004,
    0.010000000000000002,
    -0.02500000000000001,
    0.6799999999999999
  ],
  "numpy_prox": [
    -0.020000000000000004,
    0.0,
    0.0,
    0.6799999999999999
  ],
  "torch_sgd": [
    -0.020000000000000004,
    0.010000000000000002,
    -0.02500000000000001,
    0.6799999999999999
  ],
  "torch_prox": [
    -0.020000000000000004,
    0.0,
    0.0,
    0.6799999999999999
  ]
}